mamie.toy,mamie.toy@gmail.com
timmy.rippin,timmy.rippin@gmail.com
sung.luettgen,sung.luettgen@gmail.com
katie.howell,katie.howell@gmail.com
mireille.pouros,mireille.pouros@gmail.com
donn.larkin,donn.larkin@gmail.com
isabell.klocko,isabell.klocko@gmail.com
ellyn.walter,ellyn.walter@gmail.com
kathern.schimmel,kathern.schimmel@gmail.com
benito.rice,benito.rice@gmail.com
erin.jones,erin.jones@gmail.com
daren.metz,daren.metz@gmail.com
avery.schowalter,avery.schowalter@gmail.com
phil.jakubowski,phil.jakubowski@gmail.com
laurene.wuckert,laurene.wuckert@gmail.com
bud.rolfson,bud.rolfson@gmail.com
kory.leuschke,kory.leuschke@gmail.com
jackson.cormier,jackson.cormier@gmail.com
may.mcclure,may.mcclure@gmail.com
eleonora.stiedemann,eleonora.stiedemann@gmail.com
mariette.kris,mariette.kris@gmail.com
douglas.streich,douglas.streich@gmail.com
lakiesha.sawayn,lakiesha.sawayn@gmail.com
kurtis.collier,kurtis.collier@gmail.com
codi.sipes,codi.sipes@gmail.com
lue.runolfsdottir,lue.runolfsdottir@gmail.com
isaac.bashirian,isaac.bashirian@gmail.com
elmer.johnson,elmer.johnson@gmail.com
jimmie.parker,jimmie.parker@gmail.com
wilbert.deckow,wilbert.deckow@gmail.com
anisha.tremblay,anisha.tremblay@gmail.com
reanna.sawayn,reanna.sawayn@gmail.com
catrice.swaniawski,catrice.swaniawski@gmail.com
delmar.rempel,delmar.rempel@gmail.com
amos.witting,amos.witting@gmail.com
juan.wilkinson,juan.wilkinson@gmail.com
jamal.bergstrom,jamal.bergstrom@gmail.com
demetrius.conroy,demetrius.conroy@gmail.com
lewis.ankunding,lewis.ankunding@gmail.com
jonathan.rodriguez,jonathan.rodriguez@gmail.com
esperanza.volkman,esperanza.volkman@gmail.com
teddy.goodwin,teddy.goodwin@gmail.com
donte.skiles,donte.skiles@gmail.com